Id,SalePrice
1,213462.71652927445
2,190940.1313161371
3,214307.84146934428
4,146397.9801177357
5,264623.1575567979
6,158571.03905402104
7,326821.3045876397
8,215696.45995395715
9,124878.91816800246
10,121399.11597968372
11,117838.48066871299
12,376622.9682046172
13,135597.66589223428
14,244644.99619616504
15,156803.60406083093
16,124613.35027715618
17,146855.90557287994
18,100821.63330889671
19,159138.28649454057
20,124817.63203050206
21,305255.3218571335
22,135853.0608815542
23,230007.7934857176
24,141866.09175605694
25,155793.79777471846
26,254681.65419843388
27,133979.51699818662
28,290582.358606792
29,212510.33354709938
30,75738.40425554014
31,89366.86368276914
32,142135.56857595866
33,192022.7763275634
34,166925.08124230235
35,310388.94704295095
36,319651.5395630037
37,147134.85769990933
38,156319.47435777407
39,119499.1115709303
40,84009.32160027474
41,153042.91425668512
42,169103.07676847992
43,147513.8762415029
44,116318.43969626383
45,135080.0243537598
46,314747.24225628667
47,260483.88472658384
48,261475.5185965572
50,124876.61524036572
51,171455.41843173417
52,122506.0188852131
53,102408.589142027
54,383325.9792310318
55,117142.8759628169
56,179327.78420487908
57,181582.6075471898
58,199389.9184104877
59,470172.81206553587
60,129201.56176104062
61,168452.2355332428
62,86631.35822463981
63,212801.1960209611
64,143165.0960789651
65,252943.10112151696
66,326286.818362844
67,251586.56135170892
68,214420.73995951805
69,84001.33257531983
70,216329.31284043632
71,268360.78460463753
72,117992.49141441788
73,182327.6529347204
74,140437.3166227216
75,97730.36085981954
76,92519.31403354579
77,127559.21257634606
78,117139.45228696437
79,126578.0549279209
80,116811.1891779297
81,190407.66133895615
82,161990.1161203782
83,241343.1599364495
84,110344.27095489555
85,165505.82594558157
86,259366.51449822096
87,169744.4167686562
88,159930.20941941076
89,71272.28291644482
90,119781.91303860376
91,109441.25851225537
92,105288.00215239957
93,149441.550169267
94,158315.50331046508
95,202727.11450412005
96,185124.36416631792
97,217121.2446689712
98,112830.3803205365
99,84538.99775181254
100,120310.60782347039
101,221191.57890409377
102,170167.286771424
103,121606.09846471167
104,191223.07061703567
105,159664.2541849347
106,264325.4696228127
107,95271.10172281318
108,107226.46773960703
109,124425.5924561925
110,201958.72643980582
111,142261.7369143935
112,177201.63205361905
113,316373.62082352117
114,213580.71201969468
115,224920.23457762963
116,163968.5971554727
117,118153.21115935284
118,152240.55491858878
119,328237.95328445063
120,165989.45207769627
121,173591.48259122722
122,94678.38692616929
123,135661.75323319944
124,156121.86064814738
125,174611.1106350166
126,83963.1766143061
127,123836.63830541582
128,87447.5890944007
129,154845.46774148
130,140473.0424525363
131,221639.3807682329
132,224579.33079144484
133,147288.10957013513
134,215308.9051659698
135,177768.82381419287
136,173682.2501859687
137,142079.64610951513
138,173570.6578354002
139,252478.13754374327
140,208622.94838148443
141,106845.28388601882
142,257972.2402898321
143,125322.98837539722
144,217379.40942894804
145,128566.72559462026
146,129596.63004580705
147,101501.31173055292
148,216134.84392769026
149,143714.14137461898
150,108471.78352915344
151,122726.94124594454
152,363152.253373841
153,184492.06192911082
154,217641.52632361333
155,110856.21921911622
156,84142.0399221421
157,116284.80811169452
158,265220.3969112369
159,249515.91790676105
160,325663.01930321153
161,163811.43793464443
162,412184.2416194684
163,236534.3855196266
164,97003.30484717082
165,139413.9554242353
166,110598.1077784214
167,191130.60725534608
168,317722.93480203656
169,182102.99304208098
170,251480.99118320527
171,120825.52856840432
172,214868.53652908994
173,216443.54252486903
174,157509.07302900712
175,181405.35943526682
176,212022.567286235
177,224869.799471942
178,166143.3960123343
179,492864.21736572514
180,99010.6117994647
181,165406.1129503949
182,179786.53319608737
183,128723.4452539098
184,203243.4079678036
185,122319.03959259683
187,179930.10835658325
188,133926.36186643058
189,148540.46868155437
190,268752.0448506578
191,306035.53345961415
192,180434.4141133636
193,191653.87626148592
194,140889.18237581968
195,128182.57956763706
196,147286.79261411377
197,317287.6956842197
199,111733.54858759016
200,271869.233738387
201,140050.07830546176
202,166769.41047793088
203,117212.08224148945
204,148882.36431894096
205,115947.545030037
206,179641.33796104364
207,144368.88253735562
208,136301.9155413963
209,262641.2948985067
210,146317.42981099847
211,95757.20002016942
212,169371.6575867451
213,255797.2585789789
214,151026.360018582
215,155223.66776454632
216,138113.44265421075
217,212430.2785773973
218,93109.29689983389
219,282262.271640529
220,169236.96209696768
221,211636.35703068893
222,216318.65099162378
223,177402.35812958857
224,110661.2746862881
225,387489.3017599003
226,98851.50837199102
227,275991.5971030981
228,117430.42039290747
229,121882.40031751971
230,190706.31477358137
231,142758.25171192168
232,382557.7061647546
233,99170.38672932127
234,130134.62290539511
235,226159.03894112664
236,90912.73041764191
237,186358.0160392233
238,218931.56529545676
239,280179.99991371034
240,126444.28181508994
241,257177.15246136163
242,117325.06971402955
243,90200.32691147162
244,130085.97025577193
245,219444.24601623722
246,232716.3278874521
247,139552.9825894842
248,144083.10967944047
249,180841.6428559432
251,65981.21212873023
252,314936.3716351081
253,170457.8442737119
254,162137.31051675836
255,140393.10041073308
256,233452.2039565588
257,204998.50418732455
258,236972.05413435324
259,219627.75597688745
260,91644.1686112863
261,169854.37166238754
262,288515.64739558776
263,159767.36756033526
264,118846.07277152325
265,73585.20514139795
266,180373.84623378687
267,184264.2875900372
268,178638.98927230109
269,116395.44407040025
270,158827.09478241496
271,262813.99583506386
272,229284.204250465
273,303555.37155400903
274,156148.73902489193
275,125749.94803138297
276,159971.55566597835
277,201170.37790640895
278,122051.10626319706
279,352670.78762855305
280,211951.0014500093
281,217452.89674843068
282,194866.67491317555
283,207222.52850419894
284,241380.41120846051
285,176941.29525692647
286,166012.21084183527
287,166562.74694081262
288,89320.41072533022
289,108551.02884254255
290,145853.93260439727
291,251121.10977642285
292,128411.76694769984
293,129110.93816800856
294,261961.8186410684
295,168729.24618248604
296,145959.7128505572
297,140530.94251127343
299,178707.20093042628
300,158315.90219280086
301,158177.36530195255
302,269953.7455383796
303,219789.9562576431
304,140476.51924923933
305,288410.53810121946
306,306321.2684496053
307,251154.42783628672
308,98274.40316747467
309,113006.64909104581
310,364467.9670369781
311,170893.12819744865
312,139438.27404966054
313,121785.42204213423
315,169826.08721637842
316,178685.2834314978
317,271548.3181342585
318,258679.5166327461
319,285010.68575733225
320,185676.9278229912
321,326108.386057962
322,333056.7325574688
323,267393.0629766816
324,117029.01021209602
325,250679.3606689145
326,86351.96286738935
327,319973.67166307784
328,146546.56227389252
329,165839.68247018594
330,82886.11585424675
331,132269.4201107531
332,135648.84988343378
333,294126.167976517
334,208790.85978023752
335,198226.4872451346
337,380869.89717084926
338,210110.8118465324
339,209853.2527561305
340,152230.51975008726
341,209655.7084555141
342,83508.8389197813
343,86820.51149851493
344,267659.426046397
345,81591.10615117283
346,137078.61381670568
347,125492.4461715051
348,165652.69329745337
349,167028.69016601908
350,492544.41548440454
351,316915.5680504453
352,200841.23047478113
353,95712.54982424127
354,111224.83482804064
355,144455.51805636662
356,180158.2697320478
357,164302.11343670898
358,145135.0674337059
359,115130.38377939878
360,281877.7043674038
361,149130.88282700113
362,133929.90098449073
363,193961.08523245394
364,125431.381240492
365,184911.95880024903
366,131722.00719458863
367,165427.16793471057
368,162327.59919012772
369,142687.56143000314
370,168166.8272166045
371,184639.07095990793
372,130908.04215014316
373,119426.75308286137
374,117244.80832546213
375,218886.31937549255
376,51571.392181719515
377,137795.23507794074
378,299664.81011141423
380,175707.87822782586
381,132191.43482938033
382,205520.4567126441
383,209114.66443513962
384,73140.06163811791
385,265475.950677
386,178592.22369081885
387,85877.96186433932
388,128197.14330984726
389,200257.49417276148
390,452947.60535869095
391,121395.5804067656
392,215795.03230030666
393,104454.07616777196
394,92925.31652645361
395,117569.67554232411
396,132732.21890257054
397,121390.05723599668
398,164336.79340164125
399,48554.21529576391
400,228321.98262999317
401,241996.47045232035
402,171377.36958945086
403,110410.92059744263
404,251259.1647412049
405,166787.37248597518
406,158645.37138582265
407,118461.43373602389
408,162268.6557896629
409,263288.5378891637
410,318601.6963948202
411,74913.91300349422
412,147490.6786851997
413,234882.28181120963
414,116029.83476048234
415,236578.31186977497
416,180189.0384965109
417,150041.16338393404
418,239189.1471198252
419,99784.4123918931
420,133640.73410172152
421,199921.38875079274
422,220958.02446743537
423,117445.58003431976
424,348238.7909907072
425,136179.38353387543
426,142806.04215171226
427,258104.7558867879
428,115839.68614082459
429,189721.28669578448
430,172056.48620351
431,87634.49833923033
432,87070.98001589697
433,130089.94285921761
434,176468.232329732
435,81231.24197128962
436,210842.31939074464
437,116356.56265406599
438,123478.51956385195
439,93543.04811336266
440,128058.56228285043
442,107803.4708793162
443,161164.21829303345
444,168630.65722643185
445,208865.14145804968
446,142997.01397615165
447,195772.22064762784
448,214459.51743918427
449,122888.32211273507
450,115450.07755364552
451,118751.95420912725
453,203713.3986482933
454,203604.4906308084
455,178773.89862033562
456,166862.72815176533
457,93236.95132511725
458,246011.39378253397
459,155438.4799241979
460,115955.47568609499
461,263040.961404113
462,160214.21619699334
463,93764.63178662377
464,166279.55912130792
465,119309.08138929847
466,180888.5359955314
467,164542.73872863853
468,150038.07607819495
469,253396.558742878
470,175896.80076441067
471,204495.34519260874
472,192699.50772903155
473,142963.30507278044
474,390820.38262313197
475,254956.15819483707
476,132634.74095768543
477,211317.09421456774
478,388985.550355206
479,312940.4355766191
480,105038.41063743997
481,324969.2029240014
482,355544.94299371546
483,165402.4401170102
484,165785.98193171964
485,135530.98440440683
486,149031.12450119012
487,153268.75725090958
488,171967.2591058614
489,140214.37286467082
490,92601.58345965078
491,116148.9600587594
492,146239.0117362091
493,172585.74175754577
494,155839.01825908295
495,94866.83634897575
497,455610.198089278
498,176131.78398287419
499,132448.18471437832
500,118357.97852084924
501,117072.6438154188
502,211765.1262901648
503,143509.0668745453
504,290015.02862215164
505,143716.22548828868
506,131859.5000823557
507,225651.75336297805
508,191275.70117534767
509,157888.90275955925
510,136995.8091893212
511,163053.72233386888
512,198841.4996610828
513,115616.67345062393
514,140255.98809486383
515,89993.04012756473
516,398125.90585989127
517,159677.7574645789
518,262318.5844609271
519,201565.418850295
520,240440.85154962644
521,99005.87123072361
522,153666.7668932691
523,167068.51241839677
525,322440.33955414593
526,177839.09289237802
527,128950.97808247637
528,472355.23836221657
529,86014.56656312553
530,209881.78065413827
531,177634.9090397116
532,131695.29307806696
533,109005.25268325048
534,49455.67665567255
535,186194.18884419196
536,123364.40470518309
537,186244.90097607844
538,117927.44154865471
539,141856.76004533865
540,251605.05924362704
541,352659.2034002548
542,253983.91840038393
543,210267.11697737873
544,135379.83838257834
545,199772.48355354753
546,241271.63535526957
547,198769.18251037
548,125357.12886761982
549,121757.70070708712
550,244629.53123619079
551,138459.83188079292
552,108753.10011621314
553,258554.10126410917
554,101352.97097614306
555,269633.22596584226
556,119279.83524029925
557,141205.43735069863
558,120718.52576355771
559,184111.35370278248
560,207511.0115254584
561,158716.62043050837
562,170632.81821269786
563,120909.72627381155
564,180005.53274312176
565,257930.17256054832
566,113111.929209714
567,325585.1836364947
568,203539.64089954642
569,323047.8448349783
570,135776.36320896345
571,139889.24262023016
572,119799.1985522648
573,203162.94107980985
574,168855.9140022251
575,125961.69502293343
576,113399.55313463602
577,145584.74784053367
578,162909.86435349513
579,145036.24321628615
580,125690.67390711517
581,185106.6740930379
582,269567.18406486686
583,113313.67275687613
584,327147.98042746447
585,131861.00253166386
586,389231.3499947609
587,122355.06745799143
588,135549.98477697908
589,170884.78964701906
590,80354.9479998989
591,182195.78010981888
592,513113.04324600345
593,139901.74670250397
594,136922.38366878754
595,122326.03511756835
596,329215.3576560809
597,124287.48426075949
599,206809.94939031388
600,150674.89781581878
601,266120.31440667604
602,133520.87115642655
603,220796.1749512018
604,152647.8284449713
605,225579.91055611515
606,201169.55612365482
607,148367.9273009262
608,202114.12823320366
609,320734.1854722772
610,123975.41395578814
611,314494.0449009293
612,152454.0359254392
613,264014.3203460645
614,138762.3503230582
615,80896.00589157325
616,141969.56578238573
617,184826.10842836282
618,108906.61256238513
619,330318.003206796
620,317326.9852945546
621,57565.199870574696
622,240243.82360759188
623,137798.7895636291
624,166497.04389546794
625,165444.46266620615
626,152213.06443098836
627,121622.97643144145
628,163348.93155742902
629,158636.5308612865
630,161583.02811044204
631,117837.73983072882
632,223752.39348429604
633,175718.86104680013
634,139903.15265160913
635,135530.19366500014
637,50315.11544104346
638,88029.5675181795
639,91922.43053693745
640,276701.24084467505
641,276175.79179933184
642,229893.75709239228
643,363501.2092783447
644,142425.74777182835
645,345986.93068855396
646,136314.1465099523
647,96430.51306497464
648,153900.64716743137
649,158974.84452492234
650,79907.33586137743
651,203213.68667757555
652,114229.2452716589
653,189057.4050334986
654,137728.58312758518
655,372917.4589239123
656,89108.70812734966
657,146096.38154901526
658,153352.4436417593
659,115839.57205021322
660,167796.44271224146
661,199512.862422519
662,425764.2057400067
663,123512.27840730519
664,135097.94429507162
665,405456.6781639093
666,241076.2462258794
667,140433.16226960556
668,204898.6697271339
669,164880.1497570287
670,122693.09861627794
671,169553.50260145258
672,116744.83427915392
673,167235.56160582046
674,248664.83659704524
675,147147.04149922376
676,147338.40194770176
677,83421.86812473528
678,112623.0551693294
679,330003.36678512656
680,125082.06864614754
681,140053.85286486248
682,124138.35588053463
683,184678.49599468
684,280257.1585017452
685,206208.0306547713
686,203526.91605606666
687,225134.42211358837
688,155688.0978421195
689,299111.2888621415
690,188311.4849394784
691,150552.64774665236
693,312752.7212433472
694,94947.61988606154
695,128501.87619797076
696,164397.032835652
697,95470.8874256146
698,126132.32447365037
699,142392.18555995458
700,191039.5379008959
701,313859.2866606522
702,140578.34659910525
703,365563.7934155369
704,135217.315410793
705,207472.33476006112
706,51760.06557350287
708,222803.5857483863
709,177997.9740238901
710,104324.98999380073
711,51371.47655982844
712,100964.6598754783
713,191339.67584732658
714,120355.55706949123
715,157015.79215264093
716,150996.804224994
717,165846.64678366232
718,156799.84587960123
719,301355.121049992
720,132161.6445306599
721,259366.7108107397
722,138695.1844190325
723,118749.81730038284
724,135859.00609542613
725,331390.63019702386
726,112315.70585587526
727,223289.15199782548
728,190699.2233489319
729,122979.99240145944
730,88773.97333676384
731,253093.21350506737
732,184617.12922313617
733,235054.8007262235
734,136305.22000958124
735,115641.1488368473
736,158751.0534121274
737,88717.21024938325
738,225380.3898242454
740,185300.66339890618
741,125827.8374358978
742,140432.579078886
743,173820.4995149838
744,163663.14064712226
745,188118.62291507775
746,322202.9006937811
747,228787.58234066443
748,241729.24679504824
749,253640.83069450263
750,88465.15569709847
751,92071.91916948046
752,165985.1627018958
753,209820.4335615649
754,263249.52569757524
755,158525.94542675573
756,162141.54982904243
757,217483.0458621142
758,157054.08574544912
759,169675.335066986
760,310089.9580299795
761,123123.4235794226
762,118205.43227307798
763,204125.94035080296
764,304115.55086943635
765,257293.226815899
766,263375.4721679749
767,188748.88830209838
768,164844.54532786814
769,219123.04293029365
770,526361.1622904978
771,138645.9052286573
772,118587.59413970928
773,136096.0427412361
774,116570.66295685538
775,313109.4740937193
776,165231.36615613566
777,223303.19623927394
778,137326.0631483826
779,146054.7260373568
780,139774.14864565842
781,167250.73903619617
782,174250.76249900027
783,185641.11242784574
784,165316.8429518171
785,132423.38233816705
786,166372.39170525118
787,130029.92250280804
788,224660.75508677933
789,112808.49287549044
790,208259.737053098
791,166720.76180057923
792,158917.28823019195
793,247863.05645917507
794,216985.89660900793
795,189868.18847454546
796,161286.09700656458
797,140550.33688535748
798,103468.41235878352
799,494056.9478620785
800,150919.83979941026
801,203444.68561565925
802,121820.18162616079
803,192842.44662188663
804,499695.0113968115
805,111143.09201920459
806,210562.54743090234
807,137831.2361011478
808,206401.4442793635
809,153055.7874979442
811,175378.92028009015
812,149613.8974504176
813,83536.40125317911
814,158787.98603064942
815,120710.44006342358
816,202812.44038150756
817,138109.78510516844
818,271869.11071824527
819,156865.36087739113
820,218508.75947022843
821,183348.13401248792
822,88644.62982822816
823,209909.93494691228
824,137547.3040921236
825,237569.53611960326
826,501726.04929556436
827,100523.36274457528
828,193189.72283263394
829,169685.47814539293
830,151459.0420377724
831,172504.2669029519
832,148728.75183152905
833,239750.57718312118
834,165510.1429251688
835,139113.14023585923
836,129320.0026311261
837,147595.07781306905
838,99702.96954347321
839,149781.97642296404
840,133572.5476636549
841,136259.19408703834
842,150463.95152268093
843,169460.7118219934
844,127581.57154729714
845,146196.53391966404
846,168592.83876586176
847,212611.95771659788
848,125878.57408226919
849,267518.8596253457
850,183337.39542408712
851,136065.55377306652
852,202659.90187931087
853,161862.5292877696
854,167174.9041971275
855,167672.6738556774
856,135207.65786539135
857,145904.6741807935
858,160989.8495840099
859,155538.83588337083
860,234541.28111066803
861,171283.45701257058
862,129684.76451675093
863,149062.5340296438
864,137164.5548809606
865,205794.71251182273
866,134676.7581269384
867,264200.22860042803
868,130629.60917503352
869,169152.8231739253
870,229120.3804582693
871,92525.3830564915
872,191350.009026847
873,124456.2288965871
874,121883.26765209284
875,76426.60348478479
876,326062.49118305073
877,135917.78876403914
878,330641.26327656326
879,144518.0485826468
880,138512.92955140167
881,156095.9857743616
882,204370.47812643848
883,174376.85597481596
884,124905.18518187232
885,113629.57263357213
886,302708.54012098734
887,151133.34276315628
888,141681.12354843182
889,290317.00984049245
890,159115.38508069047
891,119284.98535195207
892,166295.0743087339
893,147340.3439170003
894,162117.17148546875
895,121817.78724534233
896,149495.0395982756
897,94326.31272672748
898,143584.7124720872
899,529298.5601678893
900,134893.61819361112
901,108861.27798345723
902,147438.47100992428
903,181432.90386117526
904,248103.89314180796
905,127843.32360451178
906,117489.94513362869
907,257433.19812146988
908,238361.07672946656
909,134389.67008626473
910,172356.7921058903
911,149515.09210379474
912,144763.80267239246
913,88422.54869478752
914,149168.67824228524
915,167493.3073303161
916,79756.05068873675
917,49984.26404007187
918,143456.73759573256
919,259767.7774749301
920,172958.96037990676
921,201676.37520092257
922,149003.36405388758
923,171039.32394696123
924,186204.29585897352
925,204722.58044634265
926,164798.00034464465
927,277028.1060282383
928,176572.80054465888
929,260053.56304001436
930,217390.41247581138
931,220581.69340685266
932,124713.05380908161
933,312927.4779562439
934,193176.25340600096
936,84520.73618551972
937,179924.60164429364
938,240706.76358715698
939,250241.82731129628
940,251539.69957393373
941,164093.65689208527
942,217465.8757031451
943,131577.03269780768
944,143928.91197357306
945,141540.45296884992
946,125147.15467912034
947,141355.42552548094
948,273326.8342131756
949,200678.73057543035
950,188805.26136321377
951,126070.05221554545
952,127038.94641665484
953,131032.57776822812
954,161044.49353460778
956,148940.85946215992
957,124106.614208027
958,122227.39638301899
959,186496.89430817933
960,164724.23915827612
961,118655.58216595883
962,247759.6471999906
963,153555.1780466785
964,263927.179450403
965,220528.09706735
966,170142.99981969525
967,141525.66982075383
968,138304.3178971385
969,50414.925602740266
970,135464.56403423133
971,79140.79911718454
972,167440.44526902167
973,117152.40545638307
974,192727.62419035105
975,170295.41890197576
976,168636.5066025377
977,85701.14425771595
978,203783.1070669784
979,100045.91507139131
980,136626.2817815907
981,184199.52449395822
982,316381.31075877644
983,171989.87565246673
984,254970.0379194526
985,116573.75527829926
986,124922.31775768174
987,121889.69383154697
988,383128.92138167756
989,189021.46116688356
990,198651.82666149046
991,311005.62469894334
992,164662.67688076146
993,193056.45844364708
994,164667.15905180422
995,337570.13751935767
996,114379.3472205788
997,132849.54125371497
998,177771.6869317991
999,93972.12065987776
1000,179310.0320216178
1001,66143.79287418119
1002,83366.03975590963
1003,245243.96128780342
1004,142828.56187867804
1005,183819.31343770857
1006,148935.7067369288
1007,167035.28441220283
1008,85923.1043162241
1009,238944.93181460394
1010,94492.41101102493
1011,119625.91837175042
1012,109913.80077421232
1013,164737.70432665723
1014,90686.9440893626
1015,123048.89841879977
1016,213936.65155586254
1017,222412.36804224478
1018,177091.42163045428
1019,163015.6494163382
1020,205013.65348042425
1021,161768.94086059323
1022,203543.97411160142
1023,94504.71528766774
1024,184217.1340640405
1025,307213.6888505607
1026,119683.3044731114
1027,156015.08460858857
1028,320589.1081614877
1029,117968.87733413922
1030,124197.89004909014
1031,126765.38082059474
1032,210038.70496922266
1033,313977.4597591899
1034,236623.84968930224
1035,123307.09004441723
1036,86223.73522230079
1037,337768.88100405707
1038,258546.4084497372
1039,98453.83214906183
1040,81447.84045865278
1041,149119.75177840432
1042,170120.32757381682
1043,192482.52692331586
1044,284415.0632848853
1045,319585.52316082065
1046,136136.7699603913
1047,498428.89567028463
1048,137960.50066345237
1049,124046.80341857132
1050,92658.51243259016
1051,176296.80917605906
1052,181111.2707585488
1053,166350.75995565637
1054,149854.0291511597
1055,254245.30317592324
1056,164311.54748501178
1057,211510.43128872287
1058,254688.17437117864
1059,320292.0255010375
1060,203493.00357720107
1061,203720.0063913829
1063,106838.93851889641
1064,124157.04335733307
1065,153814.42404392516
1066,326914.804224301
1067,182684.27069053813
1068,170870.3605864003
1069,166964.77013775843
1070,116981.99861977079
1071,128579.04767894633
1072,157566.68915252265
1073,90663.39370438462
1074,161740.68516534005
1075,186171.2236249354
1076,200142.66148983978
1077,165700.53478108076
1078,139834.15867481503
1079,148813.7971442753
1080,127946.10708388426
1081,156295.53608436184
1082,135424.83661979143
1083,190484.2540200808
1084,158678.79433789113
1085,181576.15097977914
1086,145546.2717627273
1087,89053.42364791778
1088,263303.66811261757
1089,142449.263735492
1090,223630.51068739893
1091,84898.00189319666
1092,164857.81056833206
1093,145090.60671727796
1094,150559.06545844692
1095,127539.40421658532
1096,169568.72339429377
1097,118923.91502473858
1098,163863.14924008763
1099,112375.90237378622
1100,168548.66714065644
1101,59032.905490435485
1102,116441.72090801528
1103,133441.86620513303
1104,153777.5738735626
1105,116309.21127198015
1106,318310.375635876
1107,180764.30847540087
1108,259694.26547568158
1109,173861.78776378153
1110,304140.32511783816
1111,181977.76075543524
1112,206634.17142538342
1113,118042.92407546526
1114,133348.8889086663
1115,121110.5665413163
1116,331690.4094728755
1117,175703.73366716816
1118,136520.8737120653
1119,137226.59698781738
1120,122160.49256667275
1121,121996.21742050385
1122,213621.61864167664
1123,75199.14592170969
1124,107325.71244582786
1125,165347.87300780392
1126,103628.28363028038
1127,182007.23660927362
1128,260481.43532868059
1129,213302.562290583
1130,132373.5679305074
1131,133524.1606370205
1132,96678.42686254457
1133,121338.18616494734
1134,251126.66109309244
1135,169994.28114982074
1136,99955.14224140675
1137,125240.73715476353
1138,91960.80051722722
1139,200151.72576657424
1140,127451.78571442908
1141,129086.71972601172
1142,193537.3648168463
1143,412801.2157252905
1144,84044.82716591435
1145,85087.66414855087
1146,140880.30075753623
1147,175113.2878426112
1148,182645.2958293332
1149,129213.85479055838
1150,153830.60644839925
1151,108608.20547101619
1152,156299.05267770926
1153,216965.0313506796
1154,125565.29264800355
1155,226525.67049000348
1156,207184.7758909844
1157,184504.54279019355
1158,210696.91183826994
1159,238361.01274130732
1160,183748.97690840345
1161,140864.4992356392
1162,218112.47270189578
1163,113185.2459283098
1164,121227.27725054935
1165,204401.54058209856
1166,213174.7356920821
1167,248044.4619610339
1168,179171.61802137434
1169,211719.15832030986
1170,535236.4760812371
1171,166613.47522232993
1172,165814.05379401284
1173,165004.09261140678
1174,207152.61481947816
1175,224593.13751558395
1176,319031.69446365227
1177,124721.49124481044
1178,116353.20277107783
1179,115855.11851267131
1180,90106.95544316305
1181,254126.06817740455
1182,351186.3870896135
1184,126975.10153798257
1185,182375.1599494182
1186,116774.88135943399
1187,93483.29685264447
1188,244648.64905537807
1189,182617.19696678483
1190,192415.74587818354
1192,173063.9693921058
1193,112486.41786498486
1194,165535.67017074671
1195,155378.26629629603
1196,162592.47833167587
1197,226081.73656566022
1198,153045.21545669044
1199,179168.8190529234
1200,139619.69527928234
1201,87318.14097384167
1202,189672.16622179296
1203,121845.99520229276
1204,216813.3171091767
1205,154215.06550280633
1206,272350.45229698793
1207,110949.8025421807
1208,206806.2133088743
1209,139604.4815580574
1210,312328.68273222283
1211,187872.79317127413
1212,211433.91479437888
1213,90418.98359810312
1214,136397.26595036444
1215,134680.76154512266
1216,108473.90798207006
1217,125294.9187850429
1218,245399.71491261316
1219,66083.67399083343
1220,93190.37575377208
1221,104606.56390691719
1222,132654.58755341574
1223,147347.33667943126
1224,134009.35184818748
1225,189631.01989476627
1226,149492.3642193214
1227,208084.94040176886
1228,142304.2315203012
1229,377158.7052688625
1230,134132.92674918065
1231,190085.60167460472
1232,135751.31175401935
1233,97427.88218044212
1234,129620.54537717391
1235,110525.98470117191
1236,130457.20286699987
1237,166479.68548776684
1238,215702.41244452616
1239,141143.20067703412
1240,254773.27939061978
1241,212783.17116319982
1242,246476.43797295287
1243,171070.97748922528
1244,491857.21912760806
1245,189817.08965961135
1246,182813.31838747414
1247,184893.27250300607
1248,162393.61133751326
1249,127950.97825593558
1250,118217.1666725449
1251,262704.84300553374
1252,180647.674013983
1253,115254.31397136275
1254,312270.2781135164
1255,176661.8219052544
1256,131716.72462770596
1257,312523.72196506255
1258,99603.00661164582
1259,183908.48930495715
1260,159781.61353609458
1261,180766.63348869822
1262,119629.78697193912
1263,152457.2827927225
1264,166422.0680327395
1265,165624.51588155044
1266,174203.5336000513
1267,144802.5977164467
1268,391806.6013395238
1269,382037.74325815187
1270,137121.82921555833
1271,210119.2381657931
1272,177184.96869867574
1273,133463.6308716644
1274,172539.87141864543
1275,131685.98582950296
1276,134774.48293664266
1277,167566.36463101127
1278,196045.54600250977
1279,259439.6301203994
1280,72256.05256577286
1281,212685.95813748744
1282,184224.70144936495
1283,147489.00684501659
1284,136154.3162656378
1285,171006.07015979194
1286,122795.7207129452
1287,149414.60693996347
1288,185024.97485159416
1289,256637.19635584345
1290,277107.67349453276
1291,170304.5549239981
1292,123371.8284168745
1293,116359.09662880054
1294,171797.85023787915
1295,121334.62040121084
1296,135213.04879744851
1297,153275.64733955666
1298,145749.6918167539
1300,158256.3553507406
1301,222780.7444253289
1302,163321.40166028202
1303,321231.6537117149
1304,216593.7220985658
1305,143914.94050823763
1306,325631.62465583876
1307,198167.08298302183
1308,135036.0516841781
1309,150326.38176736265
1310,168210.3523859878
1311,299667.3935692627
1312,208602.5416345386
1313,313471.7269585006
1314,325572.2115219897
1315,115261.94038050789
1316,195653.85136963087
1317,291942.68798941805
1318,201908.17956143268
1319,264169.7794532598
1320,114672.02976776246
1321,159351.08183814122
1322,76011.97526933112
1323,206272.5478822996
1324,80706.0250604435
1325,200158.93416567578
1326,51445.51393386874
1327,80199.84593256218
1328,128874.87503582773
1329,184622.00826223148
1330,173875.3939266727
1331,235892.74732370203
1332,135793.60645968438
1333,105458.858896998
1334,111029.03611508214
1335,122051.81399734592
1336,166833.65640605986
1337,142576.52604898807
1338,68352.92588387274
1339,229466.55408919867
1340,114252.13543129468
1341,117558.61153202446
1342,161190.73421390945
1343,247625.20451474917
1344,164350.70691760947
1345,168671.9492053392
1346,97211.70589037547
1347,258216.99580467198
1348,274845.57440892054
1349,250504.01896896414
1350,123158.8857333213
1351,190953.51214212424
1352,167514.54891693266
1353,128248.91250910515
1354,398215.4880996939
1355,229823.8973674384
1356,179208.4949982894
1357,117939.69419701287
1358,147971.56472532114
1359,162013.33507130723
1360,335410.3903599788
1361,181030.5149178075
1362,261547.53198263646
1363,129797.99638425017
1364,162707.49791433988
1365,143041.61723936748
1366,200603.59258958828
1367,197869.39031267384
1368,130272.25042987359
1369,139929.38101025205
1370,256839.16600119937
1371,114590.80180112863
1372,167560.1245835951
1373,268208.7312368314
1374,516512.41010824475
1375,245648.62998653704
1376,255038.54467781103
1377,84964.96644625886
1378,123866.76153424048
1379,92822.13294767922
1380,161531.51760578837
1381,78741.97218364837
1382,216113.1895765109
1383,154494.67643086147
1384,126167.87526739476
1385,112013.83635197885
1386,119711.39006970308
1387,287440.15478184825
1388,147829.20758419044
1389,371064.82874828955
1390,141119.2472910225
1391,231774.34289894573
1392,126256.97283553079
1393,134317.94979572957
1394,148786.17229247623
1395,244042.81980832256
1396,291946.05539944314
1398,135908.3861060264
1399,140878.29709538905
1400,142371.30035040158
1401,121633.72006199694
1402,186241.08464012342
1403,185055.79060746054
1404,267032.88844670565
1405,102927.8220523209
1406,294415.5410941737
1407,126542.86420140613
1408,115144.0506736196
1409,110127.86692848653
1410,208215.5251031865
1411,205290.61866576824
1412,148077.21464401728
1413,91081.61528226781
1414,259932.6336518304
1415,179624.73824531605
1416,213989.36552848836
1417,119725.7309462223
1418,310179.6394427342
1419,124773.069895903
1420,214039.1860914415
1421,171481.16403534947
1422,133521.9497950618
1423,136232.29745407018
1424,258402.78738621398
1425,139414.58755477404
1426,143218.26344041398
1427,265095.4346391583
1428,139776.54997103216
1429,111827.11133684612
1430,180214.50524671157
1431,184850.92024103756
1432,135566.97929017656
1433,74389.20530892359
1434,184605.4696497796
1435,161088.01852890616
1436,167402.1868710061
1437,120603.47514518682
1438,376556.99222036585
1439,146340.04287432527
1440,188217.15443911866
1441,193549.79417486978
1442,146279.8569825167
1443,319275.81548692385
1444,96731.54584090534
1445,177943.54995292515
1446,126365.26974932002
1447,156098.6062288434
1448,260412.7004465273
1449,106310.53243367275
1450,83228.81882031076
1451,121220.59163460159
1452,226308.05131681715
1453,131115.7869480461
1454,100953.26536306567
1455,183522.6433658993
1456,172718.44090516644
1457,212607.61050790388
1458,258374.6085597394
1459,136402.47817587137
1460,151179.239561956
